{
    "accuracy_score": 0.8475,
    "f1_score": 0.5440956651718983,
    "roc_auc_score": 0.6984773679688935
}