{
    "accuracy_score": 0.8475,
    "f1_score": 0.552129221732746,
    "roc_auc_score": 0.703965136168526
}