{
    "accuracy_score": 0.8565,
    "f1_score": 0.5697151424287856,
    "roc_auc_score": 0.7114441097491945
}