{
    "accuracy_score": 0.8575,
    "f1_score": 0.5608628659476117,
    "roc_auc_score": 0.704754831873476
}